{
  "train_micro_f1": 0.9391957956489856,
  "val_micro_f1": 0.9205491641772071,
  "test_micro_f1": 0.9375908352569035
}