{
  "train_acc": 0.9266177451634423,
  "val_acc": 0.8702594810379242,
  "test_acc": 0.8681818181818182
}